ID,class
1,0.111
2,0.222
3,0.342
4,0.111
5,0.555
6,0.111
7,0.789
8,0.111
9,0.111
10,0.111
11,0.111
12,0.111
13,0.111
14,0.111
15,0.111
16,0.111
17,0.111
18,0.111
19,0.111
20,0.111
21,0.111
22,0.111
23,0.111
24,0.111
25,0.111
26,0.111
27,0.111
28,0.111
29,0.111
30,0.111
31,0.111
32,0.111
33,0.111
34,0.111
35,0.111
36,0.111
37,0.111
38,0.111
39,0.111
40,0.111
41,0.111
42,0.111
43,0.111
44,0.111
45,0.111
46,0.111
47,0.111
48,0.111
49,0.111
50,0.111
51,0.111
52,0.111
53,0.111
54,0.111
55,0.111
56,0.111
57,0.111
58,0.111
59,0.111
60,0.111
61,0.111
62,0.111
63,0.111
64,0.111
65,0.111
66,0.111
67,0.111
68,0.111
69,0.111
70,0.111
71,0.111
72,0.111
73,0.111
74,0.111
75,0.111
76,0.111
77,0.111
78,0.111
79,0.111
80,0.111
81,0.111
82,0.111
83,0.111
84,0.111
85,0.111
86,0.111
87,0.111
88,0.111
89,0.111
90,0.111
91,0.111
92,0.111
93,0.111
94,0.111
95,0.111
96,0.111
97,0.111
98,0.111
99,0.111
100,0.111
101,0.111
102,0.111
103,0.111
104,0.111
105,0.111
106,0.111
107,0.111
108,0.111
109,0.111
110,0.111
111,0.111
112,0.111
113,0.111
114,0.111
115,0.111
116,0.111
117,0.111
118,0.111
119,0.111
120,0.111
121,0.111
122,0.111
123,0.111
124,0.111
125,0.111
126,0.111
127,0.111
128,0.111
129,0.111
130,0.111
131,0.111
132,0.111
133,0.111
134,0.111
135,0.111
136,0.111
137,0.111
138,0.111
139,0.111
140,0.111
141,0.111
142,0.111
143,0.111
144,0.111
145,0.111
146,0.111
147,0.111
148,0.111
149,0.111
150,0.111
151,0.111
152,0.111
153,0.111
154,0.111
155,0.111
156,0.111
157,0.111
158,0.111
159,0.111
160,0.111
161,0.111
162,0.111
163,0.111
164,0.111
165,0.111
166,0.111
167,0.111
168,0.111
169,0.111
170,0.111
171,0.111
172,0.111
173,0.111
174,0.111
175,0.111
176,0.111
177,0.111
178,0.111
179,0.111
180,0.111
181,0.111
182,0.111
183,0.111
184,0.111
185,0.111
186,0.111
187,0.111
188,0.111
189,0.111
190,0.111
191,0.111
192,0.111
193,0.111
194,0.111
195,0.111
196,0.111
197,0.111
198,0.111
199,0.111
200,0.111
201,0.111
202,0.111
203,0.111
204,0.111
205,0.111
206,0.111
207,0.111
208,0.111
209,0.111
210,0.111
211,0.111
212,0.111
213,0.111
214,0.111
215,0.111
216,0.111
217,0.111
218,0.111
219,0.111
220,0.111
221,0.111
222,0.111
223,0.111
224,0.111
225,0.111
226,0.111
227,0.111
228,0.111
229,0.111
230,0.111
231,0.111
232,0.111
233,0.111
234,0.111
235,0.111
236,0.111
237,0.111
238,0.111
239,0.111
240,0.111
241,0.111
242,0.111
243,0.111
244,0.111
245,0.111
246,0.111
247,0.111
248,0.111
249,0.111
250,0.111
251,0.111
252,0.111
253,0.111
254,0.111
255,0.111
256,0.111
257,0.111
258,0.111
259,0.111
260,0.111
261,0.111
262,0.111
263,0.111
264,0.111
265,0.111
266,0.111
267,0.111
268,0.111
269,0.111
270,0.111
271,0.111
272,0.111
273,0.111
274,0.111
275,0.111
276,0.111
277,0.111
278,0.111
279,0.111
280,0.111
281,0.111
282,0.111
283,0.111
284,0.111
285,0.111
286,0.111
287,0.111
288,0.111
289,0.111
290,0.111
291,0.111
292,0.111
293,0.111
294,0.111
295,0.111
296,0.111
297,0.111
298,0.111
299,0.111
300,0.111
301,0.111
302,0.111
303,0.111
304,0.111
305,0.111
306,0.111
307,0.111
308,0.111
309,0.111
310,0.111
311,0.111
312,0.111
313,0.111
314,0.111
315,0.111
316,0.111
317,0.111
318,0.111
319,0.111
320,0.111
321,0.111
322,0.111
323,0.111
324,0.111
325,0.111
326,0.111
327,0.111
328,0.111
329,0.111
330,0.111
331,0.111
332,0.111
333,0.111
334,0.111
335,0.111
336,0.111
337,0.111
338,0.111
339,0.111
340,0.111
341,0.111
342,0.111
343,0.111
344,0.111
345,0.111
346,0.111
347,0.111
348,0.111
349,0.111
350,0.111
351,0.111
352,0.111
353,0.111
354,0.111
355,0.111
356,0.111
357,0.111
358,0.111
359,0.111
360,0.111
361,0.111
362,0.111
363,0.111
364,0.111
365,0.111
366,0.111
367,0.111
368,0.111
369,0.111
370,0.111
371,0.111
372,0.111
373,0.111
374,0.111
375,0.111
376,0.111
377,0.111
378,0.111
379,0.111
380,0.111
381,0.111
382,0.111
383,0.111
384,0.111
385,0.111
386,0.111
387,0.111
388,0.111
389,0.111
390,0.111
391,0.111
392,0.111
393,0.111
394,0.111
395,0.111
396,0.111
397,0.111
398,0.111
399,0.111
400,0.111
401,0.111
402,0.111
403,0.111
404,0.111
405,0.111
406,0.111
407,0.111
408,0.111
409,0.111
410,0.111
411,0.111
412,0.111
413,0.111
414,0.111
415,0.111
416,0.111
417,0.111
418,0.111
419,0.111
420,0.111
421,0.111
422,0.111
423,0.111
424,0.111
425,0.111
426,0.111
427,0.111
428,0.111
429,0.111
430,0.111
431,0.111
432,0.111
433,0.111
434,0.111
435,0.111
436,0.111
437,0.111
438,0.111
439,0.111
440,0.111
441,0.111
442,0.111
443,0.111
444,0.111
445,0.111
446,0.111
447,0.111
448,0.111
449,0.111
450,0.111
451,0.111
452,0.111
453,0.111
454,0.111
455,0.111
456,0.111
457,0.111
458,0.111
459,0.111
460,0.111
461,0.111
462,0.111
463,0.111
464,0.111
465,0.111
466,0.111
467,0.111
468,0.111
469,0.111
470,0.111
471,0.111
472,0.111
473,0.111
474,0.111
475,0.111
476,0.111
477,0.111
478,0.111
479,0.111
480,0.111
481,0.111
482,0.111
483,0.111
484,0.111
485,0.111
486,0.111
487,0.111
488,0.111
489,0.111
490,0.111
491,0.111
492,0.111
493,0.111
494,0.111
495,0.111
496,0.111
497,0.111
498,0.111
499,0.111
500,0.111
501,0.111
502,0.111
503,0.111
504,0.111
505,0.111
506,0.111
507,0.111
508,0.111
509,0.111
510,0.111
511,0.111
512,0.111
513,0.111
514,0.111
515,0.111
516,0.111
517,0.111
518,0.111
519,0.111
520,0.111
521,0.111
522,0.111
523,0.111
524,0.111
525,0.111
526,0.111
527,0.111
528,0.111
529,0.111
530,0.111
531,0.111
532,0.111
533,0.111
534,0.111
535,0.111
536,0.111
537,0.111
538,0.111
539,0.111
540,0.111
541,0.111
542,0.111
543,0.111
544,0.111
545,0.111
546,0.111
547,0.111
548,0.111
549,0.111
550,0.111
551,0.111
552,0.111
553,0.111
554,0.111
555,0.111
556,0.111
557,0.111
558,0.111
559,0.111
560,0.111
561,0.111
562,0.111
563,0.111
564,0.111
565,0.111
566,0.111
567,0.111
568,0.111
569,0.111
570,0.111
571,0.111
572,0.111
573,0.111
574,0.111
575,0.111
576,0.111
577,0.111
578,0.111
579,0.111
580,0.111
581,0.111
582,0.111
583,0.111
584,0.111
585,0.111
586,0.111
587,0.111
588,0.111
589,0.111
590,0.111
591,0.111
592,0.111
593,0.111
594,0.111
595,0.111
596,0.111
597,0.111
598,0.111
599,0.111
600,0.111
601,0.111
602,0.111
603,0.111
604,0.111
605,0.111
606,0.111
607,0.111
608,0.111
609,0.111
610,0.111
611,0.111
612,0.111
613,0.111
614,0.111
615,0.111
616,0.111
617,0.111
618,0.111
619,0.111
620,0.111
621,0.111
622,0.111
623,0.111
624,0.111
625,0.111
626,0.111
627,0.111
628,0.111
629,0.111
630,0.111
631,0.111
632,0.111
633,0.111
634,0.111
635,0.111
636,0.111
637,0.111
638,0.111
639,0.111
640,0.111
641,0.111
642,0.111
643,0.111
644,0.111
645,0.111
646,0.111
647,0.111
648,0.111
649,0.111
650,0.111
651,0.111
652,0.111
653,0.111
654,0.111
655,0.111
656,0.111
657,0.111
658,0.111
659,0.111
660,0.111
661,0.111
662,0.111
663,0.111
664,0.111
665,0.111
666,0.111
667,0.111
668,0.111
669,0.111
670,0.111
671,0.111
672,0.111
673,0.111
674,0.111
675,0.111
676,0.111
677,0.111
678,0.111
679,0.111
680,0.111
681,0.111
682,0.111
683,0.111
684,0.111
685,0.111
686,0.111
687,0.111
688,0.111
689,0.111
690,0.111
691,0.111
692,0.111
693,0.111
694,0.111
695,0.111
696,0.111
697,0.111
698,0.111
699,0.111
700,0.111
701,0.111
702,0.111
703,0.111
704,0.111
705,0.111
706,0.111
707,0.111
708,0.111
709,0.111
710,0.111
711,0.111
712,0.111
713,0.111
714,0.111
715,0.111
716,0.111
717,0.111
718,0.111
719,0.111
720,0.111
721,0.111
722,0.111
723,0.111
724,0.111
725,0.111
726,0.111
727,0.111
728,0.111
729,0.111
730,0.111
731,0.111
732,0.111
733,0.111
734,0.111
735,0.111
736,0.111
737,0.111
738,0.111
739,0.111
740,0.111
741,0.111
742,0.111
743,0.111
744,0.111
745,0.111
746,0.111
747,0.111
748,0.111
749,0.111
750,0.111
751,0.111
752,0.111
753,0.111
754,0.111
755,0.111
756,0.111
757,0.111
758,0.111
759,0.111
760,0.111
761,0.111
762,0.111
763,0.111
764,0.111
765,0.111
766,0.111
767,0.111
768,0.111
769,0.111
770,0.111
771,0.111
772,0.111
773,0.111
774,0.111
775,0.111
776,0.111
777,0.111
778,0.111
779,0.111
780,0.111
781,0.111
782,0.111
783,0.111
784,0.111
785,0.111
786,0.111
787,0.111
788,0.111
789,0.111
790,0.111
791,0.111
792,0.111
793,0.111
794,0.111
795,0.111
796,0.111
797,0.111
798,0.111
799,0.111
800,0.111
801,0.111
802,0.111
803,0.111
804,0.111
805,0.111
806,0.111
807,0.111
808,0.111
809,0.111
810,0.111
811,0.111
812,0.111
813,0.111
814,0.111
815,0.111
816,0.111
817,0.111
818,0.111
819,0.111
820,0.111
821,0.111
822,0.111
823,0.111
824,0.111
825,0.111
826,0.111
827,0.111
828,0.111
829,0.111
830,0.111
831,0.111
832,0.111
833,0.111
834,0.111
835,0.111
836,0.111
837,0.111
838,0.111
839,0.111
840,0.111
841,0.111
842,0.111
843,0.111
844,0.111
845,0.111
846,0.111
847,0.111
848,0.111
849,0.111
850,0.111
851,0.111
852,0.111
853,0.111
854,0.111
855,0.111
856,0.111
857,0.111
858,0.111
859,0.111
860,0.111
861,0.111
862,0.111
863,0.111
864,0.111
865,0.111
866,0.111
867,0.111
868,0.111
869,0.111
870,0.111
871,0.111
872,0.111
873,0.111
874,0.111
875,0.111
876,0.111
877,0.111
878,0.111
879,0.111
880,0.111
881,0.111
882,0.111
883,0.111
884,0.111
885,0.111
886,0.111
887,0.111
888,0.111
889,0.111
890,0.111
891,0.111
892,0.111
893,0.111
894,0.111
895,0.111
896,0.111
897,0.111
898,0.111
899,0.111
900,0.111
901,0.111
902,0.111
903,0.111
904,0.111
905,0.111
906,0.111
907,0.111
908,0.111
909,0.111
910,0.111
911,0.111
912,0.111
913,0.111
914,0.111
915,0.111
916,0.111
917,0.111
918,0.111
919,0.111
920,0.111
921,0.111
922,0.111
923,0.111
924,0.111
925,0.111
926,0.111
927,0.111
928,0.111
929,0.111
930,0.111
931,0.111
932,0.111
933,0.111
934,0.111
935,0.111
936,0.111
937,0.111
938,0.111
939,0.111
940,0.111
941,0.111
942,0.111
943,0.111
944,0.111
945,0.111
946,0.111
947,0.111
948,0.111
949,0.111
950,0.111
951,0.111
952,0.111
953,0.111
954,0.111
955,0.111
956,0.111
957,0.111
958,0.111
959,0.111
960,0.111
961,0.111
962,0.111
963,0.111
964,0.111
965,0.111
966,0.111
967,0.111
968,0.111
969,0.111
970,0.111
971,0.111
972,0.111
973,0.111
974,0.111
975,0.111
976,0.111
977,0.111
978,0.111
979,0.111
980,0.111
981,0.111
982,0.111
983,0.111
984,0.111
985,0.111
986,0.111
987,0.111
988,0.111
989,0.111
990,0.111
991,0.111
992,0.111
993,0.111
994,0.111
995,0.111
996,0.111
997,0.111
998,0.111
999,0.111
1000,0.111
1001,0.111
1002,0.111
1003,0.111
1004,0.111
1005,0.111
1006,0.111
1007,0.111
1008,0.111
1009,0.111
1010,0.111
1011,0.111
1012,0.111
1013,0.111
1014,0.111
1015,0.111
1016,0.111
1017,0.111
1018,0.111
1019,0.111
1020,0.111
1021,0.111
1022,0.111
1023,0.111
1024,0.111
1025,0.111
1026,0.111
1027,0.111
1028,0.111
1029,0.111
1030,0.111
1031,0.111
1032,0.111
1033,0.111
1034,0.111
1035,0.111
1036,0.111
1037,0.111
1038,0.111
1039,0.111
1040,0.111
1041,0.111
1042,0.111
1043,0.111
1044,0.111
1045,0.111
1046,0.111
1047,0.111
1048,0.111
1049,0.111
1050,0.111
1051,0.111
1052,0.111
1053,0.111
1054,0.111
1055,0.111
1056,0.111
1057,0.111
1058,0.111
1059,0.111
1060,0.111
1061,0.111
1062,0.111
1063,0.111
1064,0.111
1065,0.111
1066,0.111
1067,0.111
1068,0.111
1069,0.111
1070,0.111
1071,0.111
1072,0.111
1073,0.111
1074,0.111
1075,0.111
1076,0.111
1077,0.111
1078,0.111
1079,0.111
1080,0.111
1081,0.111
1082,0.111
1083,0.111
1084,0.111
1085,0.111
1086,0.111
1087,0.111
1088,0.111
1089,0.111
1090,0.111
1091,0.111
1092,0.111
1093,0.111
1094,0.111
1095,0.111
1096,0.111
1097,0.111
1098,0.111
1099,0.111
1100,0.111
1101,0.111
1102,0.111
1103,0.111
1104,0.111
1105,0.111
1106,0.111
1107,0.111
1108,0.111
1109,0.111
1110,0.111
1111,0.111
1112,0.111
1113,0.111
1114,0.111
1115,0.111
1116,0.111
1117,0.111
1118,0.111
1119,0.111
1120,0.111
1121,0.111
1122,0.111
1123,0.111
1124,0.111
1125,0.111
1126,0.111
1127,0.111
1128,0.111
1129,0.111
1130,0.111
1131,0.111
1132,0.111
1133,0.111
1134,0.111
1135,0.111
1136,0.111
1137,0.111
1138,0.111
1139,0.111
1140,0.111
1141,0.111
1142,0.111
1143,0.111
1144,0.111
1145,0.111
1146,0.111
1147,0.111
1148,0.111
1149,0.111
1150,0.111
1151,0.111
1152,0.111
1153,0.111
1154,0.111
1155,0.111
1156,0.111
1157,0.111
1158,0.111
1159,0.111
1160,0.111
1161,0.111
1162,0.111
1163,0.111
1164,0.111
1165,0.111
1166,0.111
1167,0.111
1168,0.111
1169,0.111
1170,0.111
1171,0.111
1172,0.111
1173,0.111
1174,0.111
1175,0.111
1176,0.111
1177,0.111
1178,0.111
1179,0.111
1180,0.111
1181,0.111
1182,0.111
1183,0.111
1184,0.111
1185,0.111
1186,0.111
1187,0.111
1188,0.111
1189,0.111
1190,0.111
1191,0.111
1192,0.111
1193,0.111
1194,0.111
1195,0.111
1196,0.111
1197,0.111
1198,0.111
1199,0.111
1200,0.111
1201,0.111
1202,0.111
1203,0.111
1204,0.111
1205,0.111
1206,0.111
1207,0.111
1208,0.111
1209,0.111
1210,0.111
1211,0.111
1212,0.111
1213,0.111
1214,0.111
1215,0.111
1216,0.111
1217,0.111
1218,0.111
1219,0.111
1220,0.111
1221,0.111
1222,0.111
1223,0.111
1224,0.111
1225,0.111
1226,0.111
1227,0.111
1228,0.111
1229,0.111
1230,0.111
1231,0.111
1232,0.111
1233,0.111
1234,0.111
1235,0.111
1236,0.111
1237,0.111
1238,0.111
1239,0.111
1240,0.111
1241,0.111
1242,0.111
1243,0.111
1244,0.111
1245,0.111
1246,0.111
1247,0.111
1248,0.111
1249,0.111
1250,0.111
1251,0.111
1252,0.111
1253,0.111
1254,0.111
1255,0.111
1256,0.111
1257,0.111
1258,0.111
1259,0.111
1260,0.111
1261,0.111
1262,0.111
1263,0.111
1264,0.111
1265,0.111
1266,0.111
1267,0.111
1268,0.111
1269,0.111
1270,0.111
1271,0.111
1272,0.111
1273,0.111
1274,0.111
1275,0.111
1276,0.111
1277,0.111
1278,0.111
1279,0.111
1280,0.111
1281,0.111
1282,0.111
1283,0.111
1284,0.111
1285,0.111
1286,0.111
1287,0.111
1288,0.111
1289,0.111
1290,0.111
1291,0.111
1292,0.111
1293,0.111
1294,0.111
1295,0.111
1296,0.111
1297,0.111
1298,0.111
1299,0.111
1300,0.111
1301,0.111
1302,0.111
1303,0.111
1304,0.111
1305,0.111
1306,0.111
1307,0.111
1308,0.111
1309,0.111
1310,0.111
1311,0.111
1312,0.111
1313,0.111
1314,0.111
1315,0.111
1316,0.111
1317,0.111
1318,0.111
1319,0.111
1320,0.111
1321,0.111
1322,0.111
1323,0.111
1324,0.111
1325,0.111
1326,0.111
1327,0.111
1328,0.111
1329,0.111
1330,0.111
1331,0.111
1332,0.111
1333,0.111
1334,0.111
1335,0.111
1336,0.111
1337,0.111
1338,0.111
1339,0.111
1340,0.111
1341,0.111
1342,0.111
1343,0.111
1344,0.111
1345,0.111
1346,0.111
1347,0.111
1348,0.111
1349,0.111
1350,0.111
1351,0.111
1352,0.111
1353,0.111
1354,0.111
1355,0.111
1356,0.111
1357,0.111
1358,0.111
1359,0.111
1360,0.111
1361,0.111
1362,0.111
1363,0.111
1364,0.111
1365,0.111
1366,0.111
1367,0.111
1368,0.111
1369,0.111
1370,0.111
1371,0.111
1372,0.111
1373,0.111
1374,0.111
1375,0.111
1376,0.111
1377,0.111
1378,0.111
1379,0.111
1380,0.111
1381,0.111
1382,0.111
1383,0.111
1384,0.111
1385,0.111
1386,0.111
1387,0.111
1388,0.111
1389,0.111
1390,0.111
1391,0.111
1392,0.111
1393,0.111
1394,0.111
1395,0.111
1396,0.111
1397,0.111
1398,0.111
1399,0.111
1400,0.111
1401,0.111
1402,0.111
1403,0.111
1404,0.111
1405,0.111
1406,0.111
1407,0.111
1408,0.111
1409,0.111
1410,0.111
1411,0.111
1412,0.111
1413,0.111
1414,0.111
1415,0.111
1416,0.111
1417,0.111
1418,0.111
1419,0.111
1420,0.111
1421,0.111
1422,0.111
1423,0.111
1424,0.111
1425,0.111
1426,0.111
1427,0.111
1428,0.111
1429,0.111
1430,0.111
1431,0.111
1432,0.111
1433,0.111
1434,0.111
1435,0.111
1436,0.111
1437,0.111
1438,0.111
1439,0.111
1440,0.111
1441,0.111
1442,0.111
1443,0.111
1444,0.111
1445,0.111
1446,0.111
1447,0.111
1448,0.111
1449,0.111
1450,0.111
1451,0.111
1452,0.111
1453,0.111
1454,0.111
1455,0.111
1456,0.111
1457,0.111
1458,0.111
1459,0.111
1460,0.111
1461,0.111
1462,0.111
1463,0.111
1464,0.111
1465,0.111
1466,0.111
1467,0.111
1468,0.111
1469,0.111
1470,0.111
1471,0.111
1472,0.111
1473,0.111
1474,0.111
1475,0.111
1476,0.111
1477,0.111
1478,0.111
1479,0.111
1480,0.111
1481,0.111
1482,0.111
1483,0.111
1484,0.111
1485,0.111
1486,0.111
1487,0.111
1488,0.111
1489,0.111
1490,0.111
1491,0.111
1492,0.111
1493,0.111
1494,0.111
1495,0.111
1496,0.111
1497,0.111
1498,0.111
1499,0.111
1500,0.111
1501,0.111
1502,0.111
1503,0.111
1504,0.111
1505,0.111
1506,0.111
1507,0.111
1508,0.111
1509,0.111
1510,0.111
1511,0.111
1512,0.111
1513,0.111
1514,0.111
1515,0.111
1516,0.111
1517,0.111
1518,0.111
1519,0.111
1520,0.111
1521,0.111
1522,0.111
1523,0.111
1524,0.111
1525,0.111
1526,0.111
1527,0.111
1528,0.111
1529,0.111
1530,0.111
1531,0.111
1532,0.111
1533,0.111
1534,0.111
1535,0.111
1536,0.111
1537,0.111
1538,0.111
1539,0.111
1540,0.111
1541,0.111
1542,0.111
1543,0.111
1544,0.111
1545,0.111
1546,0.111
1547,0.111
1548,0.111
1549,0.111
1550,0.111
1551,0.111
1552,0.111
1553,0.111
1554,0.111
1555,0.111
1556,0.111
1557,0.111
1558,0.111
1559,0.111
1560,0.111
1561,0.111
1562,0.111
1563,0.111
1564,0.111
1565,0.111
1566,0.111
1567,0.111
1568,0.111
1569,0.111
1570,0.111
1571,0.111
1572,0.111
1573,0.111
1574,0.111
1575,0.111
1576,0.111
1577,0.111
1578,0.111
1579,0.111
1580,0.111
1581,0.111
1582,0.111
1583,0.111
1584,0.111
1585,0.111
1586,0.111
1587,0.111
1588,0.111
1589,0.111
1590,0.111
1591,0.111
1592,0.111
1593,0.111
1594,0.111
1595,0.111
1596,0.111
1597,0.111
1598,0.111
1599,0.111
1600,0.111
1601,0.111
1602,0.111
1603,0.111
1604,0.111
1605,0.111
1606,0.111
1607,0.111
1608,0.111
1609,0.111
1610,0.111
1611,0.111
1612,0.111
1613,0.111
1614,0.111
1615,0.111
1616,0.111
1617,0.111
1618,0.111
1619,0.111
1620,0.111
1621,0.111
1622,0.111
1623,0.111
1624,0.111
1625,0.111
1626,0.111
1627,0.111
1628,0.111
1629,0.111
1630,0.111
1631,0.111
1632,0.111
1633,0.111
1634,0.111
1635,0.111
1636,0.111
1637,0.111
1638,0.111
1639,0.111
1640,0.111
1641,0.111
1642,0.111
1643,0.111
1644,0.111
1645,0.111
1646,0.111
1647,0.111
1648,0.111
1649,0.111
1650,0.111
1651,0.111
1652,0.111
1653,0.111
1654,0.111
1655,0.111
1656,0.111
1657,0.111
1658,0.111
1659,0.111
1660,0.111
1661,0.111
1662,0.111
1663,0.111
1664,0.111
1665,0.111
1666,0.111
1667,0.111
1668,0.111
1669,0.111
1670,0.111
1671,0.111
1672,0.111
1673,0.111
1674,0.111
1675,0.111
1676,0.111
1677,0.111
1678,0.111
1679,0.111
1680,0.111
1681,0.111
1682,0.111
1683,0.111
1684,0.111
1685,0.111
1686,0.111
1687,0.111
1688,0.111
1689,0.111
1690,0.111
1691,0.111
1692,0.111
1693,0.111
1694,0.111
1695,0.111
1696,0.111
1697,0.111
1698,0.111
1699,0.111
1700,0.111
1701,0.111
1702,0.111
1703,0.111
1704,0.111
1705,0.111
1706,0.111
1707,0.111
1708,0.111
1709,0.111
1710,0.111
1711,0.111
1712,0.111
1713,0.111
1714,0.111
1715,0.111
1716,0.111
1717,0.111
1718,0.111
1719,0.111
1720,0.111
1721,0.111
1722,0.111
1723,0.111
1724,0.111
1725,0.111
1726,0.111
1727,0.111
1728,0.111
1729,0.111
1730,0.111
1731,0.111
1732,0.111
1733,0.111
1734,0.111
1735,0.111
1736,0.111
1737,0.111
1738,0.111
1739,0.111
1740,0.111
1741,0.111
1742,0.111
1743,0.111
1744,0.111
1745,0.111
1746,0.111
1747,0.111
1748,0.111
1749,0.111
1750,0.111
1751,0.111
1752,0.111
1753,0.111
1754,0.111
1755,0.111
1756,0.111
1757,0.111
1758,0.111
1759,0.111
1760,0.111
1761,0.111
1762,0.111
1763,0.111
1764,0.111
1765,0.111
1766,0.111
1767,0.111
1768,0.111
1769,0.111
1770,0.111
1771,0.111
1772,0.111
1773,0.111
1774,0.111
1775,0.111
1776,0.111
1777,0.111
1778,0.111
1779,0.111
1780,0.111
1781,0.111
1782,0.111
1783,0.111
1784,0.111
1785,0.111
1786,0.111
1787,0.111
1788,0.111
1789,0.111
1790,0.111
1791,0.111
1792,0.111
1793,0.111
1794,0.111
1795,0.111
1796,0.111
1797,0.111
1798,0.111
1799,0.111
1800,0.111
1801,0.111
1802,0.111
1803,0.111
1804,0.111
1805,0.111
1806,0.111
1807,0.111
1808,0.111
1809,0.111
1810,0.111
1811,0.111
1812,0.111
1813,0.111
1814,0.111
1815,0.111
1816,0.111
1817,0.111
1818,0.111
1819,0.111
1820,0.111
1821,0.111
1822,0.111
1823,0.111
1824,0.111
1825,0.111
1826,0.111
1827,0.111
1828,0.111
1829,0.111
1830,0.111
1831,0.111
1832,0.111
1833,0.111
1834,0.111
1835,0.111
1836,0.111
1837,0.111
1838,0.111
1839,0.111
1840,0.111
1841,0.111
1842,0.111
1843,0.111
1844,0.111
1845,0.111
1846,0.111
1847,0.111
1848,0.111
1849,0.111
1850,0.111
1851,0.111
1852,0.111
1853,0.111
1854,0.111
1855,0.111
1856,0.111
1857,0.111
1858,0.111
1859,0.111
1860,0.111
1861,0.111
1862,0.111
1863,0.111
1864,0.111
1865,0.111
1866,0.111
1867,0.111
1868,0.111
1869,0.111
1870,0.111
1871,0.111
1872,0.111
1873,0.111
1874,0.111
1875,0.111
1876,0.111
1877,0.111
1878,0.111
1879,0.111
1880,0.111
1881,0.111
1882,0.111
1883,0.111
1884,0.111
1885,0.111
1886,0.111
1887,0.111
1888,0.111
1889,0.111
1890,0.111
1891,0.111
1892,0.111
1893,0.111
1894,0.111
1895,0.111
1896,0.111
1897,0.111
1898,0.111
1899,0.111
1900,0.111
1901,0.111
1902,0.111
1903,0.111
1904,0.111
1905,0.111
1906,0.111
1907,0.111
1908,0.111
1909,0.111
1910,0.111
1911,0.111
1912,0.111
1913,0.111
1914,0.111
1915,0.111
1916,0.111
1917,0.111
1918,0.111
1919,0.111
1920,0.111
1921,0.111
1922,0.111
1923,0.111
1924,0.111
1925,0.111
1926,0.111
1927,0.111
1928,0.111
1929,0.111
1930,0.111
1931,0.111
1932,0.111
1933,0.111
1934,0.111
1935,0.111
1936,0.111
1937,0.111
1938,0.111
1939,0.111
1940,0.111
1941,0.111
1942,0.111
1943,0.111
1944,0.111
1945,0.111
1946,0.111
1947,0.111
1948,0.111
1949,0.111
1950,0.111
1951,0.111
1952,0.111
1953,0.111
1954,0.111
1955,0.111
1956,0.111
1957,0.111
1958,0.111
1959,0.111
1960,0.111
1961,0.111
1962,0.111
1963,0.111
1964,0.111
1965,0.111
1966,0.111
1967,0.111
1968,0.111
1969,0.111
1970,0.111
1971,0.111
1972,0.111
1973,0.111
1974,0.111
1975,0.111
1976,0.111
1977,0.111
1978,0.111
1979,0.111
1980,0.111
1981,0.111
1982,0.111
1983,0.111
1984,0.111
1985,0.111
1986,0.111
1987,0.111
1988,0.111
1989,0.111
1990,0.111
1991,0.111
1992,0.111
1993,0.111
1994,0.111
1995,0.111
1996,0.111
1997,0.111
1998,0.111
1999,0.111
2000,0.111
2001,0.111
2002,0.111
2003,0.111
2004,0.111
2005,0.111
2006,0.111
2007,0.111
2008,0.111
2009,0.111
2010,0.111
2011,0.111
2012,0.111
2013,0.111
2014,0.111
2015,0.111
2016,0.111
2017,0.111
2018,0.111
2019,0.111
2020,0.111
2021,0.111
2022,0.111
2023,0.111
2024,0.111
2025,0.111
2026,0.111
2027,0.111
2028,0.111
2029,0.111
2030,0.111
2031,0.111
2032,0.111
2033,0.111
2034,0.111
2035,0.111
2036,0.111
2037,0.111
2038,0.111
2039,0.111
2040,0.111
2041,0.111
2042,0.111
2043,0.111
2044,0.111
2045,0.111
2046,0.111
2047,0.111
2048,0.111
2049,0.111
2050,0.111
2051,0.111
2052,0.111
2053,0.111
2054,0.111
2055,0.111
2056,0.111
2057,0.111
2058,0.111
2059,0.111
2060,0.111
2061,0.111
2062,0.111
2063,0.111
2064,0.111
2065,0.111
2066,0.111
2067,0.111
2068,0.111
2069,0.111
2070,0.111
2071,0.111
2072,0.111
2073,0.111
2074,0.111
2075,0.111
2076,0.111
2077,0.111
2078,0.111
2079,0.111
2080,0.111
2081,0.111
2082,0.111
2083,0.111
2084,0.111
2085,0.111
2086,0.111
2087,0.111
2088,0.111
2089,0.111
2090,0.111
2091,0.111
2092,0.111
2093,0.111
2094,0.111
2095,0.111
2096,0.111
2097,0.111
2098,0.111
2099,0.111
2100,0.111
2101,0.111
2102,0.111
2103,0.111
2104,0.111
2105,0.111
2106,0.111
2107,0.111
2108,0.111
2109,0.111
2110,0.111
2111,0.111
2112,0.111
2113,0.111
2114,0.111
2115,0.111
2116,0.111
2117,0.111
2118,0.111
2119,0.111
2120,0.111
2121,0.111
2122,0.111
2123,0.111
2124,0.111
2125,0.111
2126,0.111
2127,0.111
2128,0.111
2129,0.111
2130,0.111
2131,0.111
2132,0.111
2133,0.111
2134,0.111
2135,0.111
2136,0.111
2137,0.111
2138,0.111
2139,0.111
2140,0.111
2141,0.111
2142,0.111
2143,0.111
2144,0.111
2145,0.111
2146,0.111
2147,0.111
2148,0.111
2149,0.111
2150,0.111
2151,0.111
2152,0.111
2153,0.111
2154,0.111
2155,0.111
2156,0.111
2157,0.111
2158,0.111
2159,0.111
2160,0.111
2161,0.111
2162,0.111
2163,0.111
2164,0.111
2165,0.111
2166,0.111
2167,0.111
2168,0.111
2169,0.111
2170,0.111
2171,0.111
2172,0.111
2173,0.111
2174,0.111
2175,0.111
2176,0.111
2177,0.111
2178,0.111
2179,0.111
2180,0.111
2181,0.111
2182,0.111
2183,0.111
2184,0.111
2185,0.111
2186,0.111
2187,0.111
2188,0.111
2189,0.111
2190,0.111
2191,0.111
2192,0.111
2193,0.111
2194,0.111
2195,0.111
2196,0.111
2197,0.111
2198,0.111
2199,0.111
2200,0.111
2201,0.111
2202,0.111
2203,0.111
2204,0.111
2205,0.111
2206,0.111
2207,0.111
2208,0.111
2209,0.111
2210,0.111
2211,0.111
2212,0.111
2213,0.111
2214,0.111
2215,0.111
2216,0.111
2217,0.111
2218,0.111
2219,0.111
2220,0.111
2221,0.111
2222,0.111
2223,0.111
2224,0.111
2225,0.111
2226,0.111
2227,0.111
2228,0.111
2229,0.111
2230,0.111
2231,0.111
2232,0.111
2233,0.111
2234,0.111
2235,0.111
2236,0.111
2237,0.111
2238,0.111
2239,0.111
2240,0.111
2241,0.111
2242,0.111
2243,0.111
2244,0.111
2245,0.111
2246,0.111
2247,0.111
2248,0.111
2249,0.111
2250,0.111
2251,0.111
2252,0.111
2253,0.111
2254,0.111
2255,0.111
2256,0.111
2257,0.111
2258,0.111
2259,0.111
2260,0.111
2261,0.111
2262,0.111
2263,0.111
2264,0.111
2265,0.111
2266,0.111
2267,0.111
2268,0.111
2269,0.111
2270,0.111
2271,0.111
2272,0.111
2273,0.111
2274,0.111
2275,0.111
2276,0.111
2277,0.111
2278,0.111
2279,0.111
2280,0.111
2281,0.111
2282,0.111
2283,0.111
2284,0.111
2285,0.111
2286,0.111
2287,0.111
2288,0.111
2289,0.111
2290,0.111
2291,0.111
2292,0.111
2293,0.111
2294,0.111
2295,0.111
2296,0.111
2297,0.111
2298,0.111
2299,0.111
2300,0.111
2301,0.111
2302,0.111
2303,0.111
2304,0.111
2305,0.111
2306,0.111
2307,0.111
2308,0.111
2309,0.111
2310,0.111
2311,0.111
2312,0.111
2313,0.111
2314,0.111
2315,0.111
2316,0.111
2317,0.111
2318,0.111
2319,0.111
2320,0.111
2321,0.111
2322,0.111
2323,0.111
2324,0.111
2325,0.111
2326,0.111
2327,0.111
2328,0.111
2329,0.111
2330,0.111
2331,0.111
2332,0.111
2333,0.111
2334,0.111
2335,0.111
2336,0.111
2337,0.111
2338,0.111
2339,0.111
2340,0.111
2341,0.111
2342,0.111
2343,0.111
2344,0.111
2345,0.111
2346,0.111
2347,0.111
2348,0.111
2349,0.111
2350,0.111
2351,0.111
2352,0.111
2353,0.111
2354,0.111
2355,0.111
2356,0.111
2357,0.111
2358,0.111
2359,0.111
2360,0.111
2361,0.111
2362,0.111
2363,0.111
2364,0.111
2365,0.111
2366,0.111
2367,0.111
2368,0.111
2369,0.111
2370,0.111
2371,0.111
2372,0.111
2373,0.111
2374,0.111
2375,0.111
2376,0.111
2377,0.111
2378,0.111
2379,0.111
2380,0.111
2381,0.111
2382,0.111
2383,0.111
2384,0.111
2385,0.111
2386,0.111
2387,0.111
2388,0.111
2389,0.111
2390,0.111
2391,0.111
2392,0.111
2393,0.111
2394,0.111
2395,0.111
2396,0.111
2397,0.111
2398,0.111
2399,0.111
2400,0.111
2401,0.111
2402,0.111
2403,0.111
2404,0.111
2405,0.111
2406,0.111
2407,0.111
2408,0.111
2409,0.111
2410,0.111
2411,0.111
2412,0.111
2413,0.111
2414,0.111
2415,0.111
2416,0.111
2417,0.111
2418,0.111
2419,0.111
2420,0.111
2421,0.111
2422,0.111
2423,0.111
2424,0.111
2425,0.111
2426,0.111
2427,0.111
2428,0.111
2429,0.111
2430,0.111
2431,0.111
2432,0.111
2433,0.111
2434,0.111
2435,0.111
2436,0.111
2437,0.111
2438,0.111
2439,0.111
2440,0.111
2441,0.111
2442,0.111
2443,0.111
2444,0.111
2445,0.111
2446,0.111
2447,0.111
2448,0.111
2449,0.111
2450,0.111
2451,0.111
2452,0.111
2453,0.111
2454,0.111
2455,0.111
2456,0.111
2457,0.111
2458,0.111
2459,0.111
2460,0.111
2461,0.111
2462,0.111
2463,0.111
2464,0.111
2465,0.111
2466,0.111
2467,0.111
2468,0.111
2469,0.111
2470,0.111
2471,0.111
2472,0.111
2473,0.111
2474,0.111
2475,0.111
2476,0.111
2477,0.111
2478,0.111
2479,0.111
2480,0.111
2481,0.111
2482,0.111
2483,0.111
2484,0.111
2485,0.111
2486,0.111
2487,0.111
2488,0.111
2489,0.111
2490,0.111
2491,0.111
2492,0.111
2493,0.111
2494,0.111
2495,0.111
2496,0.111
2497,0.111
2498,0.111
2499,0.111
2500,0.111
2501,0.111
2502,0.111
2503,0.111
2504,0.111
2505,0.111
2506,0.111
2507,0.111
2508,0.111
2509,0.111
2510,0.111
2511,0.111
2512,0.111
2513,0.111
2514,0.111
2515,0.111
2516,0.111
2517,0.111
2518,0.111
2519,0.111
2520,0.111
2521,0.111
2522,0.111
2523,0.111
2524,0.111
2525,0.111
2526,0.111
2527,0.111
2528,0.111
2529,0.111
2530,0.111
2531,0.111
2532,0.111
2533,0.111
2534,0.111
2535,0.111
2536,0.111
2537,0.111
2538,0.111
2539,0.111
2540,0.111
2541,0.111
2542,0.111
2543,0.111
2544,0.111
2545,0.111
2546,0.111
2547,0.111
2548,0.111
2549,0.111
2550,0.111
2551,0.111
2552,0.111
2553,0.111
2554,0.111
2555,0.111
2556,0.111
2557,0.111
2558,0.111
2559,0.111
2560,0.111
2561,0.111
2562,0.111
2563,0.111
2564,0.111
2565,0.111
2566,0.111
2567,0.111
2568,0.111
2569,0.111
2570,0.111
2571,0.111
2572,0.111
2573,0.111
2574,0.111
2575,0.111
2576,0.111
2577,0.111
2578,0.111
2579,0.111
2580,0.111
2581,0.111
2582,0.111
2583,0.111
2584,0.111
2585,0.111
2586,0.111
2587,0.111
2588,0.111
2589,0.111
2590,0.111
2591,0.111
2592,0.111
2593,0.111
2594,0.111
2595,0.111
2596,0.111
2597,0.111
2598,0.111
2599,0.111
2600,0.111
2601,0.111
2602,0.111
2603,0.111
2604,0.111
2605,0.111
2606,0.111
2607,0.111
2608,0.111
2609,0.111
2610,0.111
2611,0.111
2612,0.111
2613,0.111
2614,0.111
2615,0.111
2616,0.111
2617,0.111
2618,0.111
2619,0.111
2620,0.111
2621,0.111
2622,0.111
2623,0.111
2624,0.111
2625,0.111
2626,0.111
2627,0.111
2628,0.111
2629,0.111
2630,0.111
2631,0.111
2632,0.111
2633,0.111
2634,0.111
2635,0.111
2636,0.111
2637,0.111
2638,0.111
2639,0.111
2640,0.111
2641,0.111
2642,0.111
2643,0.111
2644,0.111
2645,0.111
2646,0.111
2647,0.111
2648,0.111
2649,0.111
2650,0.111
2651,0.111
2652,0.111
2653,0.111
2654,0.111
2655,0.111
2656,0.111
2657,0.111
2658,0.111
2659,0.111
2660,0.111
2661,0.111
2662,0.111
2663,0.111
2664,0.111
2665,0.111
2666,0.111
2667,0.111
2668,0.111
2669,0.111
2670,0.111
2671,0.111
2672,0.111
2673,0.111
2674,0.111
2675,0.111
2676,0.111
2677,0.111
2678,0.111
2679,0.111
2680,0.111
2681,0.111
2682,0.111
2683,0.111
2684,0.111
2685,0.111
2686,0.111
2687,0.111
2688,0.111
2689,0.111
2690,0.111
2691,0.111
2692,0.111
2693,0.111
2694,0.111
2695,0.111
2696,0.111
2697,0.111
2698,0.111
2699,0.111
2700,0.111
2701,0.111
2702,0.111
2703,0.111
2704,0.111
2705,0.111
2706,0.111
2707,0.111
2708,0.111
2709,0.111
2710,0.111
2711,0.111
2712,0.111
2713,0.111
2714,0.111
2715,0.111
2716,0.111
2717,0.111
2718,0.111
2719,0.111
2720,0.111
2721,0.111
2722,0.111
2723,0.111
2724,0.111
2725,0.111
2726,0.111
2727,0.111
2728,0.111
2729,0.111
2730,0.111
2731,0.111
2732,0.111
2733,0.111
2734,0.111
2735,0.111
2736,0.111
2737,0.111
2738,0.111
2739,0.111
2740,0.111
2741,0.111
2742,0.111
2743,0.111
2744,0.111
2745,0.111
2746,0.111
2747,0.111
2748,0.111
2749,0.111
2750,0.111
2751,0.111
2752,0.111
2753,0.111
2754,0.111
2755,0.111
2756,0.111
2757,0.111
2758,0.111
2759,0.111
2760,0.111
2761,0.111
2762,0.111
2763,0.111
2764,0.111
2765,0.111
2766,0.111
2767,0.111
2768,0.111
2769,0.111
2770,0.111
2771,0.111
2772,0.111
2773,0.111
2774,0.111
2775,0.111
2776,0.111
2777,0.111
2778,0.111
2779,0.111
2780,0.111
2781,0.111
2782,0.111
2783,0.111
2784,0.111
2785,0.111
2786,0.111
2787,0.111
2788,0.111
2789,0.111
2790,0.111
2791,0.111
2792,0.111
2793,0.111
2794,0.111
2795,0.111
2796,0.111
2797,0.111
2798,0.111
2799,0.111
2800,0.111
2801,0.111
2802,0.111
2803,0.111
2804,0.111
2805,0.111
2806,0.111
2807,0.111
2808,0.111
2809,0.111
2810,0.111
2811,0.111
2812,0.111
2813,0.111
2814,0.111
2815,0.111
2816,0.111
2817,0.111
2818,0.111
2819,0.111
2820,0.111
2821,0.111
2822,0.111
2823,0.111
2824,0.111
2825,0.111
2826,0.111
2827,0.111
2828,0.111
2829,0.111
2830,0.111
2831,0.111
2832,0.111
2833,0.111
2834,0.111
2835,0.111
2836,0.111
2837,0.111
2838,0.111
2839,0.111
2840,0.111
2841,0.111
2842,0.111
2843,0.111
2844,0.111
2845,0.111
2846,0.111
2847,0.111
2848,0.111
2849,0.111
2850,0.111
2851,0.111
2852,0.111
2853,0.111
2854,0.111
2855,0.111
2856,0.111
2857,0.111
2858,0.111
2859,0.111
2860,0.111
2861,0.111
2862,0.111
2863,0.111
2864,0.111
2865,0.111
2866,0.111
2867,0.111
2868,0.111
2869,0.111
2870,0.111
2871,0.111
2872,0.111
2873,0.111
2874,0.111
2875,0.111
2876,0.111
2877,0.111
2878,0.111
2879,0.111
2880,0.111
2881,0.111
2882,0.111
2883,0.111
2884,0.111
2885,0.111
2886,0.111
2887,0.111
2888,0.111
2889,0.111
2890,0.111
2891,0.111
2892,0.111
2893,0.111
2894,0.111
2895,0.111
2896,0.111
2897,0.111
2898,0.111
2899,0.111
2900,0.111
2901,0.111
2902,0.111
2903,0.111
2904,0.111
2905,0.111
2906,0.111
2907,0.111
2908,0.111
2909,0.111
2910,0.111
2911,0.111
2912,0.111
2913,0.111
2914,0.111
2915,0.111
2916,0.111
2917,0.111
2918,0.111
2919,0.111
2920,0.111
2921,0.111
2922,0.111
2923,0.111
2924,0.111
2925,0.111
2926,0.111
2927,0.111
2928,0.111
2929,0.111
2930,0.111
2931,0.111
2932,0.111
2933,0.111
2934,0.111
2935,0.111
2936,0.111
2937,0.111
2938,0.111
2939,0.111
2940,0.111
2941,0.111
2942,0.111
2943,0.111
2944,0.111
2945,0.111
2946,0.111
2947,0.111
2948,0.111
2949,0.111
2950,0.111
2951,0.111
2952,0.111
2953,0.111
2954,0.111
2955,0.111
2956,0.111
2957,0.111
2958,0.111
2959,0.111
2960,0.111
2961,0.111
2962,0.111
2963,0.111
2964,0.111
2965,0.111
2966,0.111
2967,0.111
2968,0.111
2969,0.111
2970,0.111
2971,0.111
2972,0.111
2973,0.111
2974,0.111
2975,0.111
2976,0.111
2977,0.111
2978,0.111
2979,0.111
2980,0.111
2981,0.111
2982,0.111
2983,0.111
2984,0.111
2985,0.111
2986,0.111
2987,0.111
2988,0.111
2989,0.111
2990,0.111
2991,0.111
2992,0.111
2993,0.111
2994,0.111
2995,0.111
2996,0.111
2997,0.111
2998,0.111
2999,0.111
3000,0.111
3001,0.111
3002,0.111
3003,0.111
3004,0.111
3005,0.111
3006,0.111
3007,0.111
3008,0.111
3009,0.111
3010,0.111
3011,0.111
3012,0.111
3013,0.111
3014,0.111
3015,0.111
3016,0.111
3017,0.111
3018,0.111
3019,0.111
3020,0.111
3021,0.111
3022,0.111
3023,0.111
3024,0.111
3025,0.111
3026,0.111
3027,0.111
3028,0.111
3029,0.111
3030,0.111
3031,0.111
3032,0.111
3033,0.111
3034,0.111
3035,0.111
3036,0.111
3037,0.111
3038,0.111
3039,0.111
3040,0.111
3041,0.111
3042,0.111
3043,0.111
3044,0.111
3045,0.111
3046,0.111
3047,0.111
3048,0.111
3049,0.111
3050,0.111
3051,0.111
3052,0.111
3053,0.111
3054,0.111
3055,0.111
3056,0.111
3057,0.111
3058,0.111
3059,0.111
3060,0.111
3061,0.111
3062,0.111
3063,0.111
3064,0.111
3065,0.111
3066,0.111
3067,0.111
3068,0.111
3069,0.111
3070,0.111
3071,0.111
3072,0.111
3073,0.111
3074,0.111
3075,0.111
3076,0.111
3077,0.111
3078,0.111
3079,0.111
3080,0.111
3081,0.111
3082,0.111
3083,0.111
3084,0.111
3085,0.111
3086,0.111
3087,0.111
3088,0.111
3089,0.111
3090,0.111
3091,0.111
3092,0.111
3093,0.111
3094,0.111
3095,0.111
3096,0.111
3097,0.111
3098,0.111
3099,0.111
3100,0.111
3101,0.111
3102,0.111
3103,0.111
3104,0.111
3105,0.111
3106,0.111
3107,0.111
3108,0.111
3109,0.111
3110,0.111
3111,0.111
3112,0.111
3113,0.111
3114,0.111
3115,0.111
3116,0.111
3117,0.111
3118,0.111
3119,0.111
3120,0.111
3121,0.111
3122,0.111
3123,0.111
3124,0.111
3125,0.111
3126,0.111
3127,0.111
3128,0.111
3129,0.111
3130,0.111
3131,0.111
3132,0.111
3133,0.111
3134,0.111
3135,0.111
3136,0.111
3137,0.111
3138,0.111
3139,0.111
3140,0.111
3141,0.111
3142,0.111
3143,0.111
3144,0.111
3145,0.111
3146,0.111
3147,0.111
3148,0.111
3149,0.111
3150,0.111
3151,0.111
3152,0.111
3153,0.111
3154,0.111
3155,0.111
3156,0.111
3157,0.111
3158,0.111
3159,0.111
3160,0.111
3161,0.111
3162,0.111
3163,0.111
3164,0.111
3165,0.111
3166,0.111
3167,0.111
3168,0.111
3169,0.111
3170,0.111
3171,0.111
3172,0.111
3173,0.111
3174,0.111
3175,0.111
3176,0.111
3177,0.111
3178,0.111
3179,0.111
3180,0.111
3181,0.111
3182,0.111
3183,0.111
3184,0.111
3185,0.111
3186,0.111
3187,0.111
3188,0.111
3189,0.111
3190,0.111
3191,0.111
3192,0.111
3193,0.111
3194,0.111
3195,0.111
3196,0.111
3197,0.111
3198,0.111
3199,0.111
3200,0.111
3201,0.111
3202,0.111
3203,0.111
3204,0.111
3205,0.111
3206,0.111
3207,0.111
3208,0.111
3209,0.111
3210,0.111
3211,0.111
3212,0.111
3213,0.111
3214,0.111
3215,0.111
3216,0.111
3217,0.111
3218,0.111
3219,0.111
3220,0.111
3221,0.111
3222,0.111
3223,0.111
3224,0.111
3225,0.111
3226,0.111
3227,0.111
3228,0.111
3229,0.111
3230,0.111
3231,0.111
3232,0.111
3233,0.111
3234,0.111
3235,0.111
3236,0.111
3237,0.111
3238,0.111
3239,0.111
3240,0.111
3241,0.111
3242,0.111
3243,0.111
3244,0.111
3245,0.111
3246,0.111
3247,0.111
3248,0.111
3249,0.111
3250,0.111
3251,0.111
3252,0.111
3253,0.111
3254,0.111
3255,0.111
3256,0.111
3257,0.111
3258,0.111
3259,0.111
3260,0.111
3261,0.111
3262,0.111
3263,0.111
3264,0.111
3265,0.111
3266,0.111
3267,0.111
3268,0.111
3269,0.111
3270,0.111
3271,0.111
3272,0.111
3273,0.111
3274,0.111
3275,0.111
3276,0.111
3277,0.111
3278,0.111
3279,0.111
3280,0.111
3281,0.111
3282,0.111
3283,0.111
3284,0.111
3285,0.111
3286,0.111
3287,0.111
3288,0.111
3289,0.111
3290,0.111
3291,0.111
3292,0.111
3293,0.111
3294,0.111
3295,0.111
3296,0.111
3297,0.111
3298,0.111
3299,0.111
3300,0.111
3301,0.111
3302,0.111
3303,0.111
3304,0.111
3305,0.111
3306,0.111
3307,0.111
3308,0.111
3309,0.111
3310,0.111
3311,0.111
3312,0.111
3313,0.111
3314,0.111
3315,0.111
3316,0.111
3317,0.111
3318,0.111
3319,0.111
3320,0.111
3321,0.111
3322,0.111
3323,0.111
3324,0.111
3325,0.111
3326,0.111
3327,0.111
3328,0.111
3329,0.111
3330,0.111
3331,0.111
3332,0.111
3333,0.111
3334,0.111
3335,0.111
3336,0.111
3337,0.111
3338,0.111
3339,0.111
3340,0.111
3341,0.111
3342,0.111
3343,0.111
3344,0.111
3345,0.111
3346,0.111
3347,0.111
3348,0.111
3349,0.111
3350,0.111
3351,0.111
3352,0.111
3353,0.111
3354,0.111
3355,0.111
3356,0.111
3357,0.111
3358,0.111
3359,0.111
3360,0.111
3361,0.111
3362,0.111
3363,0.111
3364,0.111
3365,0.111
3366,0.111
3367,0.111
3368,0.111
3369,0.111
3370,0.111
3371,0.111
3372,0.111
3373,0.111
3374,0.111
3375,0.111
3376,0.111
3377,0.111
3378,0.111
3379,0.111
3380,0.111
3381,0.111
3382,0.111
3383,0.111
3384,0.111
3385,0.111
3386,0.111
3387,0.111
3388,0.111
3389,0.111
3390,0.111
3391,0.111
3392,0.111
3393,0.111
3394,0.111
3395,0.111
3396,0.111
3397,0.111
3398,0.111
3399,0.111
3400,0.111
3401,0.111
3402,0.111
3403,0.111
3404,0.111
3405,0.111
3406,0.111
3407,0.111
3408,0.111
3409,0.111
3410,0.111
3411,0.111
3412,0.111
3413,0.111
3414,0.111
3415,0.111
3416,0.111
3417,0.111
3418,0.111
3419,0.111
3420,0.111
3421,0.111
3422,0.111
3423,0.111
3424,0.111
3425,0.111
3426,0.111
3427,0.111
3428,0.111
3429,0.111
3430,0.111
3431,0.111
3432,0.111
3433,0.111
3434,0.111
3435,0.111
3436,0.111
3437,0.111
3438,0.111
3439,0.111
3440,0.111
3441,0.111
3442,0.111
3443,0.111
3444,0.111
3445,0.111
3446,0.111
3447,0.111
3448,0.111
3449,0.111
3450,0.111
3451,0.111
3452,0.111
3453,0.111
3454,0.111
3455,0.111
3456,0.111
3457,0.111
3458,0.111
3459,0.111
3460,0.111
3461,0.111
3462,0.111
3463,0.111
3464,0.111
3465,0.111
3466,0.111
3467,0.111
3468,0.111
3469,0.111
3470,0.111
3471,0.111
3472,0.111
3473,0.111
3474,0.111
3475,0.111
3476,0.111
3477,0.111
3478,0.111
3479,0.111
3480,0.111
3481,0.111
3482,0.111
3483,0.111
3484,0.111
3485,0.111
3486,0.111
3487,0.111
3488,0.111
3489,0.111
3490,0.111
3491,0.111
3492,0.111
3493,0.111
3494,0.111
3495,0.111
3496,0.111
3497,0.111
3498,0.111
3499,0.111
3500,0.111
3501,0.111
3502,0.111
3503,0.111
3504,0.111
3505,0.111
3506,0.111
3507,0.111
3508,0.111
3509,0.111
3510,0.111
3511,0.111
3512,0.111
3513,0.111
3514,0.111
3515,0.111
3516,0.111
3517,0.111
3518,0.111
3519,0.111
3520,0.111
3521,0.111
3522,0.111
3523,0.111
3524,0.111
3525,0.111
3526,0.111
3527,0.111
3528,0.111
3529,0.111
3530,0.111
3531,0.111
3532,0.111
3533,0.111
3534,0.111
3535,0.111
3536,0.111
3537,0.111
3538,0.111
3539,0.111
3540,0.111
3541,0.111
3542,0.111
3543,0.111
3544,0.111
3545,0.111
3546,0.111
3547,0.111
3548,0.111
3549,0.111
3550,0.111
3551,0.111
3552,0.111
3553,0.111
3554,0.111
3555,0.111
3556,0.111
3557,0.111
3558,0.111
3559,0.111
3560,0.111
3561,0.111
3562,0.111
3563,0.111
3564,0.111
3565,0.111
3566,0.111
3567,0.111
3568,0.111
3569,0.111
3570,0.111
3571,0.111
3572,0.111
3573,0.111
3574,0.111
3575,0.111
3576,0.111
3577,0.111
3578,0.111
3579,0.111
3580,0.111
3581,0.111
3582,0.111
3583,0.111
3584,0.111
3585,0.111
3586,0.111
3587,0.111
3588,0.111
3589,0.111
3590,0.111
3591,0.111
3592,0.111
3593,0.111
3594,0.111
3595,0.111
3596,0.111
3597,0.111
3598,0.111
3599,0.111
3600,0.111
3601,0.111
3602,0.111
3603,0.111
3604,0.111
3605,0.111
3606,0.111
3607,0.111
3608,0.111
3609,0.111
3610,0.111
3611,0.111
3612,0.111
3613,0.111
3614,0.111
3615,0.111
3616,0.111
3617,0.111
3618,0.111
3619,0.111
3620,0.111
3621,0.111
3622,0.111
3623,0.111
3624,0.111
3625,0.111
3626,0.111
3627,0.111
3628,0.111
3629,0.111
3630,0.111
3631,0.111
3632,0.111
3633,0.111
3634,0.111
3635,0.111
3636,0.111
3637,0.111
3638,0.111
3639,0.111
3640,0.111
3641,0.111
3642,0.111
3643,0.111
3644,0.111
3645,0.111
3646,0.111
3647,0.111
3648,0.111
3649,0.111
3650,0.111
3651,0.111
3652,0.111
3653,0.111
3654,0.111
3655,0.111
3656,0.111
3657,0.111
3658,0.111
3659,0.111
3660,0.111
3661,0.111
3662,0.111
3663,0.111
3664,0.111
3665,0.111
3666,0.111
3667,0.111
3668,0.111
3669,0.111
3670,0.111
3671,0.111
3672,0.111
3673,0.111
3674,0.111
3675,0.111
3676,0.111
3677,0.111
3678,0.111
3679,0.111
3680,0.111
3681,0.111
3682,0.111
3683,0.111
3684,0.111
3685,0.111
3686,0.111
3687,0.111
3688,0.111
3689,0.111
3690,0.111
3691,0.111
3692,0.111
3693,0.111
3694,0.111
3695,0.111
3696,0.111
3697,0.111
3698,0.111
3699,0.111
3700,0.111
3701,0.111
3702,0.111
3703,0.111
3704,0.111
3705,0.111
3706,0.111
3707,0.111
3708,0.111
3709,0.111
3710,0.111
3711,0.111
3712,0.111
3713,0.111
3714,0.111
3715,0.111
3716,0.111
3717,0.111
3718,0.111
3719,0.111
3720,0.111
3721,0.111
3722,0.111
3723,0.111
3724,0.111
3725,0.111
3726,0.111
3727,0.111
3728,0.111
3729,0.111
3730,0.111
3731,0.111
3732,0.111
3733,0.111
3734,0.111
3735,0.111
3736,0.111
3737,0.111
3738,0.111
3739,0.111
3740,0.111
3741,0.111
3742,0.111
3743,0.111
3744,0.111
3745,0.111
3746,0.111
3747,0.111
3748,0.111
3749,0.111
3750,0.111
3751,0.111
3752,0.111
3753,0.111
3754,0.111
3755,0.111
3756,0.111
3757,0.111
3758,0.111
3759,0.111
3760,0.111
3761,0.111
3762,0.111
3763,0.111
3764,0.111
3765,0.111
3766,0.111
3767,0.111
3768,0.111
3769,0.111
3770,0.111
3771,0.111
3772,0.111
3773,0.111
3774,0.111
3775,0.111
3776,0.111
3777,0.111
3778,0.111
3779,0.111
3780,0.111
3781,0.111
3782,0.111
3783,0.111
3784,0.111
3785,0.111
3786,0.111
3787,0.111
3788,0.111
3789,0.111
3790,0.111
3791,0.111
3792,0.111
3793,0.111
3794,0.111
3795,0.111
3796,0.111
3797,0.111
3798,0.111
3799,0.111
3800,0.111
3801,0.111
3802,0.111
3803,0.111
3804,0.111
3805,0.111
3806,0.111
3807,0.111
3808,0.111
3809,0.111
3810,0.111
3811,0.111
3812,0.111
3813,0.111
3814,0.111
3815,0.111
3816,0.111
3817,0.111
3818,0.111
3819,0.111
3820,0.111
3821,0.111
3822,0.111
3823,0.111
3824,0.111
3825,0.111
3826,0.111
3827,0.111
3828,0.111
3829,0.111
3830,0.111
3831,0.111
3832,0.111
3833,0.111
3834,0.111
3835,0.111
3836,0.111
3837,0.111
3838,0.111
3839,0.111
3840,0.111
3841,0.111
3842,0.111
3843,0.111
3844,0.111
3845,0.111
3846,0.111
3847,0.111
3848,0.111
3849,0.111
3850,0.111
3851,0.111
3852,0.111
3853,0.111
3854,0.111
3855,0.111
3856,0.111
3857,0.111
3858,0.111
3859,0.111
3860,0.111
3861,0.111
3862,0.111
3863,0.111
3864,0.111
3865,0.111
3866,0.111
3867,0.111
3868,0.111
3869,0.111
3870,0.111
3871,0.111
3872,0.111
3873,0.111
3874,0.111
3875,0.111
3876,0.111
3877,0.111
3878,0.111
3879,0.111
3880,0.111
3881,0.111
3882,0.111
3883,0.111
3884,0.111
3885,0.111
3886,0.111
3887,0.111
3888,0.111
3889,0.111
3890,0.111
3891,0.111
3892,0.111
3893,0.111
3894,0.111
3895,0.111
3896,0.111
3897,0.111
3898,0.111
3899,0.111
3900,0.111
3901,0.111
3902,0.111
3903,0.111
3904,0.111
3905,0.111
3906,0.111
3907,0.111
3908,0.111
3909,0.111
3910,0.111
3911,0.111
3912,0.111
3913,0.111
3914,0.111
3915,0.111
3916,0.111
3917,0.111
3918,0.111
3919,0.111
3920,0.111
3921,0.111
3922,0.111
3923,0.111
3924,0.111
3925,0.111
3926,0.111
3927,0.111
3928,0.111
3929,0.111
3930,0.111
3931,0.111
3932,0.111
3933,0.111
3934,0.111
3935,0.111
3936,0.111
3937,0.111
3938,0.111
3939,0.111
3940,0.111
3941,0.111
3942,0.111
3943,0.111
3944,0.111
3945,0.111
3946,0.111
3947,0.111
3948,0.111
3949,0.111
3950,0.111
3951,0.111
3952,0.111
3953,0.111
3954,0.111
3955,0.111
3956,0.111
3957,0.111
3958,0.111
3959,0.111
3960,0.111
3961,0.111
3962,0.111
3963,0.111
3964,0.111
3965,0.111
3966,0.111
3967,0.111
3968,0.111
3969,0.111
3970,0.111
3971,0.111
3972,0.111
3973,0.111
3974,0.111
3975,0.111
3976,0.111
3977,0.111
3978,0.111
3979,0.111
3980,0.111
3981,0.111
3982,0.111
3983,0.111
3984,0.111
3985,0.111
3986,0.111
3987,0.111
3988,0.111
3989,0.111
3990,0.111
3991,0.111
3992,0.111
3993,0.111
3994,0.111
3995,0.111
3996,0.111
3997,0.111
3998,0.111
3999,0.111
4000,0.111
4001,0.876
4002,0.876
4003,0.876
4004,0.876
4005,0.876
4006,0.876
4007,0.876
4008,0.876
4009,0.876
4010,0.876
4011,0.876
4012,0.876
4013,0.876
4014,0.876
4015,0.876
4016,0.876
4017,0.876
4018,0.876
4019,0.876
4020,0.876
4021,0.876
4022,0.876
4023,0.876
4024,0.876
4025,0.876
4026,0.876
4027,0.876
4028,0.876
4029,0.876
4030,0.876
4031,0.876
4032,0.876
4033,0.876
4034,0.876
4035,0.876
4036,0.876
4037,0.876
4038,0.876
4039,0.876
4040,0.876
4041,0.876
4042,0.876
4043,0.876
4044,0.876
4045,0.876
4046,0.876
4047,0.876
4048,0.876
4049,0.876
4050,0.876
4051,0.876
4052,0.876
4053,0.876
4054,0.876
4055,0.876
4056,0.876
4057,0.876
4058,0.876
4059,0.876
4060,0.876
4061,0.876
4062,0.876
4063,0.876
4064,0.876
4065,0.876
4066,0.876
4067,0.876
4068,0.876
4069,0.876
4070,0.876
4071,0.876
4072,0.876
4073,0.876
4074,0.876
4075,0.876
4076,0.876
4077,0.876
4078,0.876
4079,0.876
4080,0.876
4081,0.876
4082,0.876
4083,0.876
4084,0.876
4085,0.876
4086,0.876
4087,0.876
4088,0.876
4089,0.876
4090,0.876
4091,0.876
4092,0.876
4093,0.876
4094,0.876
4095,0.876
4096,0.876
4097,0.876
4098,0.876
4099,0.876
4100,0.876
4101,0.876
4102,0.876
4103,0.876
4104,0.876
4105,0.876
4106,0.876
4107,0.876
4108,0.876
4109,0.876
4110,0.876
4111,0.876
4112,0.876
4113,0.876
4114,0.876
4115,0.876
4116,0.876
4117,0.876
4118,0.876
4119,0.876
4120,0.876
4121,0.876
4122,0.876
4123,0.876
4124,0.876
4125,0.876
4126,0.876
4127,0.876
4128,0.876
4129,0.876
4130,0.876
4131,0.876
4132,0.876
4133,0.876
4134,0.876
4135,0.876
4136,0.876
4137,0.876
4138,0.876
4139,0.876
4140,0.876
4141,0.876
4142,0.876
4143,0.876
4144,0.876
4145,0.876
4146,0.876
4147,0.876
4148,0.876
4149,0.876
4150,0.876
4151,0.876
4152,0.876
4153,0.876
4154,0.876
4155,0.876
4156,0.876
4157,0.876
4158,0.876
4159,0.876
4160,0.876
4161,0.876
4162,0.876
4163,0.876
4164,0.876
4165,0.876
4166,0.876
4167,0.876
4168,0.876
4169,0.876
4170,0.876
4171,0.876
4172,0.876
4173,0.876
4174,0.876
4175,0.876
4176,0.876
4177,0.876
4178,0.876
4179,0.876
4180,0.876
4181,0.876
4182,0.876
4183,0.876
4184,0.876
4185,0.876
4186,0.876
4187,0.876
4188,0.876
4189,0.876
4190,0.876
4191,0.876
4192,0.876
4193,0.876
4194,0.876
4195,0.876
4196,0.876
4197,0.876
4198,0.876
4199,0.876
4200,0.876
4201,0.876
4202,0.876
4203,0.876
4204,0.876
4205,0.876
4206,0.876
4207,0.876
4208,0.876
4209,0.876
4210,0.876
4211,0.876
4212,0.876
4213,0.876
4214,0.876
4215,0.876
4216,0.876
4217,0.876
4218,0.876
4219,0.876
4220,0.876
4221,0.876
4222,0.876
4223,0.876
4224,0.876
4225,0.876
4226,0.876
4227,0.876
4228,0.876
4229,0.876
4230,0.876
4231,0.876
4232,0.876
4233,0.876
4234,0.876
4235,0.876
4236,0.876
4237,0.876
4238,0.876
4239,0.876
4240,0.876
4241,0.876
4242,0.876
4243,0.876
4244,0.876
4245,0.876
4246,0.876
4247,0.876
4248,0.876
4249,0.876
4250,0.876
4251,0.876
4252,0.876
4253,0.876
4254,0.876
4255,0.876
4256,0.876
4257,0.876
4258,0.876
4259,0.876
4260,0.876
4261,0.876
4262,0.876
4263,0.876
4264,0.876
4265,0.876
4266,0.876
4267,0.876
4268,0.876
4269,0.876
4270,0.876
4271,0.876
4272,0.876
4273,0.876
4274,0.876
4275,0.876
4276,0.876
4277,0.876
4278,0.876
4279,0.876
4280,0.876
4281,0.876
4282,0.876
4283,0.876
4284,0.876
4285,0.876
4286,0.876
4287,0.876
4288,0.876
4289,0.876
4290,0.876
4291,0.876
4292,0.876
4293,0.876
4294,0.876
4295,0.876
4296,0.876
4297,0.876
4298,0.876
4299,0.876
4300,0.876
4301,0.876
4302,0.876
4303,0.876
4304,0.876
4305,0.876
4306,0.876
4307,0.876
4308,0.876
4309,0.876
4310,0.876
4311,0.876
4312,0.876
4313,0.876
4314,0.876
4315,0.876
4316,0.876
4317,0.876
4318,0.876
4319,0.876
4320,0.876
4321,0.876
4322,0.876
4323,0.876
4324,0.876
4325,0.876
4326,0.876
4327,0.876
4328,0.876
4329,0.876
4330,0.876
4331,0.876
4332,0.876
4333,0.876
4334,0.876
4335,0.876
4336,0.876
4337,0.876
4338,0.876
4339,0.876
4340,0.876
4341,0.876
4342,0.876
4343,0.876
4344,0.876
4345,0.876
4346,0.876
4347,0.876
4348,0.876
4349,0.876
4350,0.876
4351,0.876
4352,0.876
4353,0.876
4354,0.876
4355,0.876
4356,0.876
4357,0.876
4358,0.876
4359,0.876
4360,0.876
4361,0.876
4362,0.876
4363,0.876
4364,0.876
4365,0.876
4366,0.876
4367,0.876
4368,0.876
4369,0.876
4370,0.876
4371,0.876
4372,0.876
4373,0.876
4374,0.876
4375,0.876
4376,0.876
4377,0.876
4378,0.876
4379,0.876
4380,0.876
4381,0.876
4382,0.876
4383,0.876
4384,0.876
4385,0.876
4386,0.876
4387,0.876
4388,0.876
4389,0.876
4390,0.876
4391,0.876
4392,0.876
4393,0.876
4394,0.876
4395,0.876
4396,0.876
4397,0.876
4398,0.876
4399,0.876
4400,0.876
4401,0.876
4402,0.876
4403,0.876
4404,0.876
4405,0.876
4406,0.876
4407,0.876
4408,0.876
4409,0.876
4410,0.876
4411,0.876
4412,0.876
4413,0.876
4414,0.876
4415,0.876
4416,0.876
4417,0.876
4418,0.876
4419,0.876
4420,0.876
4421,0.876
4422,0.876
4423,0.876
4424,0.876
4425,0.876
4426,0.876
4427,0.876
4428,0.876
4429,0.876
4430,0.876
4431,0.876
4432,0.876
4433,0.876
4434,0.876
4435,0.876
4436,0.876
4437,0.876
4438,0.876
4439,0.876
4440,0.876
4441,0.876
4442,0.876
4443,0.876
4444,0.876
4445,0.876
4446,0.876
4447,0.876
4448,0.876
4449,0.876
4450,0.876
4451,0.876
4452,0.876
4453,0.876
4454,0.876
4455,0.876
4456,0.876
4457,0.876
4458,0.876
4459,0.876
4460,0.876
4461,0.876
4462,0.876
4463,0.876
4464,0.876
4465,0.876
4466,0.876
4467,0.876
4468,0.876
4469,0.876
4470,0.876
4471,0.876
4472,0.876
4473,0.876
4474,0.876
4475,0.876
4476,0.876
4477,0.876
4478,0.876
4479,0.876
4480,0.876
4481,0.876
4482,0.876
4483,0.876
4484,0.876
4485,0.876
4486,0.876
4487,0.876
4488,0.876
4489,0.876
4490,0.876
4491,0.876
4492,0.876
4493,0.876
4494,0.876
4495,0.876
4496,0.876
4497,0.876
4498,0.876
4499,0.876
4500,0.876
4501,0.876
4502,0.876
4503,0.876
4504,0.876
4505,0.876
4506,0.876
4507,0.876
4508,0.876
4509,0.876
4510,0.876
4511,0.876
4512,0.876
4513,0.876
4514,0.876
4515,0.876
4516,0.876
4517,0.876
4518,0.876
4519,0.876
4520,0.876
4521,0.876
4522,0.876
4523,0.876
4524,0.876
4525,0.876
4526,0.876
4527,0.876
4528,0.876
4529,0.876
4530,0.876
4531,0.876
4532,0.876
4533,0.876
4534,0.876
4535,0.876
4536,0.876
4537,0.876
4538,0.876
4539,0.876
4540,0.876
4541,0.876
4542,0.876
4543,0.876
4544,0.876
4545,0.876
4546,0.876
4547,0.876
4548,0.876
4549,0.876
4550,0.876
4551,0.876
4552,0.876
4553,0.876
4554,0.876
4555,0.876
4556,0.876
4557,0.876
4558,0.876
4559,0.876
4560,0.876
4561,0.876
4562,0.876
4563,0.876
4564,0.876
4565,0.876
4566,0.876
4567,0.876
4568,0.876
4569,0.876
4570,0.876
4571,0.876
4572,0.876
4573,0.876
4574,0.876
4575,0.876
4576,0.876
4577,0.876
4578,0.876
4579,0.876
4580,0.876
4581,0.876
4582,0.876
4583,0.876
4584,0.876
4585,0.876
4586,0.876
4587,0.876
4588,0.876
4589,0.876
4590,0.876
4591,0.876
4592,0.876
4593,0.876
4594,0.876
4595,0.876
4596,0.876
4597,0.876
4598,0.876
4599,0.876
4600,0.876
4601,0.876
4602,0.876
4603,0.876
4604,0.876
4605,0.876
4606,0.876
4607,0.876
4608,0.876
4609,0.876
4610,0.876
4611,0.876
4612,0.876
4613,0.876
4614,0.876
4615,0.876
4616,0.876
4617,0.876
4618,0.876
4619,0.876
4620,0.876
4621,0.876
4622,0.876
4623,0.876
4624,0.876
4625,0.876
4626,0.876
4627,0.876
4628,0.876
4629,0.876
4630,0.876
4631,0.876
4632,0.876
4633,0.876
4634,0.876
4635,0.876
4636,0.876
4637,0.876
4638,0.876
4639,0.876
4640,0.876
4641,0.876
4642,0.876
4643,0.876
4644,0.876
4645,0.876
4646,0.876
4647,0.876
4648,0.876
4649,0.876
4650,0.876
4651,0.876
4652,0.876
4653,0.876
4654,0.876
4655,0.876
4656,0.876
4657,0.876
4658,0.876
4659,0.876
4660,0.876
4661,0.876
4662,0.876
4663,0.876
4664,0.876
4665,0.876
4666,0.876
4667,0.876
4668,0.876
4669,0.876
4670,0.876
4671,0.876
4672,0.876
4673,0.876
4674,0.876
4675,0.876
4676,0.876
4677,0.876
4678,0.876
4679,0.876
4680,0.876
4681,0.876
4682,0.876
4683,0.876
4684,0.876
4685,0.876
4686,0.876
4687,0.876
4688,0.876
4689,0.876
4690,0.876
4691,0.876
4692,0.876
4693,0.876
4694,0.876
4695,0.876
4696,0.876
4697,0.876
4698,0.876
4699,0.876
4700,0.876
4701,0.876
4702,0.876
4703,0.876
4704,0.876
4705,0.876
4706,0.876
4707,0.876
4708,0.876
4709,0.876
4710,0.876
4711,0.876
4712,0.876
4713,0.876
4714,0.876
4715,0.876
4716,0.876
4717,0.876
4718,0.876
4719,0.876
4720,0.876
4721,0.876
4722,0.876
4723,0.876
4724,0.876
4725,0.876
4726,0.876
4727,0.876
4728,0.876
4729,0.876
4730,0.876
4731,0.876
4732,0.876
4733,0.876
4734,0.876
4735,0.876
4736,0.876
4737,0.876
4738,0.876
4739,0.876
4740,0.876
4741,0.876
4742,0.876
4743,0.876
4744,0.876
4745,0.876
4746,0.876
4747,0.876
4748,0.876
4749,0.876
4750,0.876
4751,0.876
4752,0.876
4753,0.876
4754,0.876
4755,0.876
4756,0.876
4757,0.876
4758,0.876
4759,0.876
4760,0.876
4761,0.876
4762,0.876
4763,0.876
4764,0.876
4765,0.876
4766,0.876
4767,0.876
4768,0.876
4769,0.876
4770,0.876
4771,0.876
4772,0.876
4773,0.876
4774,0.876
4775,0.876
4776,0.876
4777,0.876
4778,0.876
4779,0.876
4780,0.876
4781,0.876
4782,0.876
4783,0.876
4784,0.876
4785,0.876
4786,0.876
4787,0.876
4788,0.876
4789,0.876
4790,0.876
4791,0.876
4792,0.876
4793,0.876
4794,0.876
4795,0.876
4796,0.876
4797,0.876
4798,0.876
4799,0.876
4800,0.876
4801,0.876
4802,0.876
4803,0.876
4804,0.876
4805,0.876
4806,0.876
4807,0.876
4808,0.876
4809,0.876
4810,0.876
4811,0.876
4812,0.876
4813,0.876
4814,0.876
4815,0.876
4816,0.876
4817,0.876
4818,0.876
4819,0.876
4820,0.876
4821,0.876
4822,0.876
4823,0.876
4824,0.876
4825,0.876
4826,0.876
4827,0.876
4828,0.876
4829,0.876
4830,0.876
4831,0.876
4832,0.876
4833,0.876
4834,0.876
4835,0.876
4836,0.876
4837,0.876
4838,0.876
4839,0.876
4840,0.876
4841,0.876
4842,0.876
4843,0.876
4844,0.876
4845,0.876
4846,0.876
4847,0.876
4848,0.876
4849,0.876
4850,0.876
4851,0.876
4852,0.876
4853,0.876
4854,0.876
4855,0.876
4856,0.876
4857,0.876
4858,0.876
4859,0.876
4860,0.876
4861,0.876
4862,0.876
4863,0.876
4864,0.876
4865,0.876
4866,0.876
4867,0.876
4868,0.876
4869,0.876
4870,0.876
4871,0.876
4872,0.876
4873,0.876
4874,0.876
4875,0.876
4876,0.876
4877,0.876
4878,0.876
4879,0.876
4880,0.876
4881,0.876
4882,0.876
4883,0.876
4884,0.876
4885,0.876
4886,0.876
4887,0.876
4888,0.876
4889,0.876
4890,0.876
4891,0.876
4892,0.876
4893,0.876
4894,0.876
4895,0.876
4896,0.876
4897,0.876
4898,0.876
4899,0.876
4900,0.876
4901,0.876
4902,0.876
4903,0.876
4904,0.876
4905,0.876
4906,0.876
4907,0.876
4908,0.876
4909,0.876
4910,0.876
4911,0.876
4912,0.876
4913,0.876
4914,0.876
4915,0.876
4916,0.876
4917,0.876
4918,0.876
4919,0.876
4920,0.876
4921,0.876
4922,0.876
4923,0.876
4924,0.876
4925,0.876
4926,0.876
4927,0.876
4928,0.876
4929,0.876
4930,0.876
4931,0.876
4932,0.876
4933,0.876
4934,0.876
4935,0.876
4936,0.876
4937,0.876
4938,0.876
4939,0.876
4940,0.876
4941,0.876
4942,0.876
4943,0.876
4944,0.876
4945,0.876
4946,0.876
4947,0.876
4948,0.876
4949,0.876
4950,0.876
4951,0.876
4952,0.876
4953,0.876
4954,0.876
4955,0.876
4956,0.876
4957,0.876
4958,0.876
4959,0.876
4960,0.876
4961,0.876
4962,0.876
4963,0.876
4964,0.876
4965,0.876
4966,0.876
4967,0.876
4968,0.876
4969,0.876
4970,0.876
4971,0.876
4972,0.876
4973,0.876
4974,0.876
4975,0.876
4976,0.876
4977,0.876
4978,0.876
4979,0.876
4980,0.876
4981,0.876
4982,0.876
4983,0.876
4984,0.876
4985,0.876
4986,0.876
4987,0.876
4988,0.876
4989,0.876
4990,0.876
4991,0.876
4992,0.876
4993,0.876
4994,0.876
4995,0.876
4996,0.876
4997,0.876
4998,0.876
4999,0.876
5000,0.876